{"min":[0,0,0,0,0,0,0],"max":[2048862,12642,200,24984.126953125,871.3098754882812,0.058961398899555206,0.009999999776482582]}